<?xml version="1.0" encoding="UTF-8"?>
<!DOCTYPE suite SYSTEM "https://testng.org/testng-1.0.dtd">
<suite name="Suite">
  <test thread-count="5" name="chrome">
  <parameter name = "Browser" value="chrome"/>
    	<classes>
     		<!-- <class name="test.automation.scripts.webex.TC01_52174_Mega_Products_FE_Generalview"/>
     		<class name="test.automation.scripts.webex.TC02_52236_Single_Level_FE_Generalview"/>
     		<class name="test.automation.scripts.webex.TC03_52212_Single_Level_With_Icon_FE_Generalview"/>
     		<class name="test.automation.scripts.webex.TC04_52399_Mega_Menu_Multiple_level_FE_About_Danfoss"/>
      		<class name="test.automation.scripts.webex.TC05_52426_Mega_Menu_FE_Header"/>
      		<class name="test.automation.scripts.webex.TC06_2969_Footer_FE_General_view"/>
      		<class name="test.automation.scripts.webex.TC07_34588_Sticky_header_FE_Scrolling"/>
      		<class name="test.automation.scripts.webex.TC08_2970_Header_Links"/>
      		<class name="test.automation.scripts.webex.TC09_20680_Social_Media_buttons"/>
      		<class name="test.automation.scripts.webex.TC10_157830_Choose_Region_page_FE"/>
      	    <class name="test.automation.scripts.webex.TC11_221470_Contact_Us_page_FE"/>  
    	    <class name="test.automation.scripts.webex.TC12_15113_Contact_Us_page_Filter"/>
      		<class name="test.automation.scripts.webex.TC13_221679_Contact_Us_page_FE_Details"/>
      		<class name="test.automation.scripts.webex.TC14_224947_Contact_Us_page_Location_Autosuggest"/>
      		<class name="test.automation.scripts.webex.TC15_227221_Contact_Us_Contacts_sorting"/>
      		<class name="test.automation.scripts.webex.TC16_227226_Contact_Us_page_Filter2"/>
      		<class name="test.automation.scripts.webex.TC17_227523_Contact_Details_handling"/>
      		<class name="test.automation.scripts.webex.TC18_19574_Contact_Us_Forms_FE"/>
      		<class name="test.automation.scripts.webex.TC19_3147_Product_Category_FE"/>
      		<class name="test.automation.scripts.webex.TC20_21661_Search_page_FE_Zero_Result"/>
      		<class name="test.automation.scripts.webex.TC21_21774_Search_page_FE_Didyoumean"/>
      		<class name="test.automation.scripts.webex.TC22_157828_Search_page_FE_General_view"/>
      		<class name="test.automation.scripts.webex.TC23_19777_Search_Box_Autosuggest_FE"/>
      		<class name="test.automation.scripts.webex.TC24_75932_Mega_Zero_level_FE_General"/>
      		<class name="test.automation.scripts.webex.TC25_12004_Filter_FE_Handling"/> -->
      		<!-- <class name="test.automation.scripts.webex.TC26_31099_Filters_functionality_Product_Category_list"/> -->
      		<!-- <class name="test.automation.scripts.webex.TC27_31101_Filters_functionality_Product_list"/> -->
      		<!-- <class name="test.automation.scripts.webex.TC28_31193_Filters_functionality_Case_Studies_list"/>
      		<class name="test.automation.scripts.webex.TC29_31245_Filter_functionality_Downloads_list"/>
      		<class name="test.automation.scripts.webex.TC30_31240_Filters_functionality_News_list"/>
      		<class name="test.automation.scripts.webex.TC31_31264_Filters_functionality_Event_list"/>
      		<class name="test.automation.scripts.webex.TC32_13973_Case_Study_List_page_FE_General_view"/>
      		<class name="test.automation.scripts.webex.TC33_14120_Download_List_page_FE_General_view"/>
      		<class name="test.automation.scripts.webex.TC34_10874_News_List_page_FE_General_view"/>
      		<class name="test.automation.scripts.webex.TC35_15182_Event_List_page_FE_General_view"/>
      		<class name="test.automation.scripts.webex.TC36_174555_Documents_page_FE_General_view"/>
      		<class name="test.automation.scripts.webex.TC37_9828_Download_List_component_FE"/>
      		<class name="test.automation.scripts.webex.TC38_3095_All_Products_FE_General_view"/>
      		<class name="test.automation.scripts.webex.TC39_24808_Filter_FE_Applying_Filters_Handling"/>
      		<class name="test.automation.scripts.webex.TC40_20640_Search_Filters_FE_Business_Unit_filter_functionality"/>
      		<class name="test.automation.scripts.webex.TC41_21672_Search_Results_FE_Products_view"/>
      		<class name="test.automation.scripts.webex.TC42_21678_Search_Results_FE_Hybris_Product_view"/>
      		<class name="test.automation.scripts.webex.TC43_21674_Search_Results_FE_Products_Category"/>
      		<class name="test.automation.scripts.webex.TC44_24760_Search_Results_FE_Job_Postings_view"/>
      		<class name="test.automation.scripts.webex.TC45_21671_Search_Results_Downloads"/>
      		<class name="test.automation.scripts.webex.TC46_158715_Search_Filters_FE_All_Results"/>
      		<class name="test.automation.scripts.webex.TC47_71104_Search_Saba_Learnings_view"/>
      		<class name="test.automation.scripts.webex.TC48_71138_Search_Course_Category_Filter"/>
      		<class name="test.automation.scripts.webex.TC49_21779_Search_Other_content_view"/>
      		<class name="test.automation.scripts.webex.TC50_21787_Search_Download_Type"/>  -->
      		<!-- <class name="test.automation.scripts.webex.TC51_158699_Search_Filters_FE_Products"/>
      		<class name="test.automation.scripts.webex.TC52_161363_Search_Filters_Products_handling"/>
      		<class name="test.automation.scripts.webex.TC53_158554_Search_Filters_FE_Downloads"/>
      		<class name="test.automation.scripts.webex.TC54_21673_Search_Results_Product_Subcategory"/>
      		<class name="test.automation.scripts.webex.TC55_21688_Search_Results_Hybris_Product_Code"/>
      		<class name="test.automation.scripts.webex.TC56_22675_Search_Filters_Document_Type"/>
      		<class name="test.automation.scripts.webex.TC57_164323_Search_Country_Location_filters"/>
      		<class name="test.automation.scripts.webex.TC58_23926_Search_Filters_Marketing_Hierarchy_filter_SP"/>
      		<class name="test.automation.scripts.webex.TC59_23949_Search_Filters_Marketing_Hierarchy_filter_DPS"/>
      		<class name="test.automation.scripts.webex.TC60_23962_Search_Filters_Marketing_Hierarchy_filter_DDS"/>
      		<class name="test.automation.scripts.webex.TC61_25654_Search_Filters_Marketing_Hierarchy_filter_CF"/>
      		<class name="test.automation.scripts.webex.TC62_187274_Search_Filters_Marketing_Hierarchy_filter_DHS"/>
      		<class name="test.automation.scripts.webex.TC63_179854_Documents_Search_universe_functionality"/>
      		<class name="test.automation.scripts.webex.TC64_24779_Search_Filters_Archived_filter_functionality"/>
      		<class name="test.automation.scripts.webex.TC65_54418_Search_Filters_Authority_filter_functionality"/>
      		<class name="test.automation.scripts.webex.TC66_78872_Search_Filters_Valid_For_filter_functionality"/>
      		<class name="test.automation.scripts.webex.TC67_86434_Search_Filters_Language_multi_selection"/>
      		<class name="test.automation.scripts.webex.TC68_158309_Search_Filters_FE_Jobs"/>
      		<class name="test.automation.scripts.webex.TC69_158329_Search_Filters_FE_Learning"/>
      		<class name="test.automation.scripts.webex.TC70_164384_Search_Filter_Careers_filters_functionality"/>
      		<class name="test.automation.scripts.webex.TC71_19574_Contact_Us_forms_FE_Display_handling"/>
			<class name="test.automation.scripts.webex.TC72_3103_PMP_FE_UI_general_view"/>
			<class name="test.automation.scripts.webex.TC73_3104_PMP_FE_Sticky_tabs"/>
			<class name="test.automation.scripts.webex.TC74_4515_F_B_component_FE_General_UI"/>
			<class name="test.automation.scripts.webex.TC75_8626_Link_List_component_FE_General_view"/>
			<class name="test.automation.scripts.webex.TC76_18093_Newsletter_component_FE_General_view"/>
			<class name="test.automation.scripts.webex.TC77_161094_Search_Filters_FE_Navigating_tabs"/>
			<class name="test.automation.scripts.webex.TC78_20858_Submit_form_Distributor_Fields"/>
			<class name="test.automation.scripts.webex.TC79_20859_Submit_frm_Dist_error_msg"/>
			<class name="test.automation.scripts.webex.TC80_20863_Submit_form_DPS_Fields"/> -->
			<class name="test.automation.scripts.webex.TC81_20864_Submit_frm_DPS_error_msg"/>
			<class name="test.automation.scripts.webex.TC82_22558_Submit_form_ServiceCld_Fields"/>
			<class name="test.automation.scripts.webex.TC83_22567_Submit_frm_servicecld_error_msg"/>
			<class name="test.automation.scripts.webex.TC84_19200_Submit_form_Pardot_Fields"/>
			<class name="test.automation.scripts.webex.TC85_19253_Submit_frm_Pardot_error_msg"/>
			<class name="test.automation.scripts.webex.TC86_54383_Search_Results_FE_Approvals_view"/>
			<class name="test.automation.scripts.webex.TC87_86448_Search_Filters_FE_Pre_defined_filters"/>
			<class name="test.automation.scripts.webex.TC88_159242_Search_Filters_FE_Single_value_filter_appearance"/>
			<class name="test.automation.scripts.webex.TC89_159345_Search_Filters_FE_Multiple_value_filter_appearance"/>
			<class name="test.automation.scripts.webex.TC90_160998_Search_Filters_FE_Hierarchy_filter_appearance"/>
			<class name="test.automation.scripts.webex.TC91_163019_Search_Results_FE_Products_with_Links_view"/>
			<class name="test.automation.scripts.webex.TC92_164137_Search_Filters_FE_Type_independent_filters"/>
			<class name="test.automation.scripts.webex.TC93_186056_Search_Results_FE_Software_view"/>
			<class name="test.automation.scripts.webex.TC94_388207_Privacy_and_Policy_page_FE_General_View"/>
			<class name="test.automation.scripts.webex.TC95_392991_Terms_page_FE_General_View"/>
			<class name="test.automation.scripts.webex.TC96_159092_Search_Filters_FE_Documents"/>
			<class name="test.automation.scripts.webex.TC97_3192_Product_Group_component_FE"/>
			<class name="test.automation.scripts.webex.TC98_6530_Link_Button_component_FE"/>
			<class name="test.automation.scripts.webex.TC99_6792_CTA_Button_general_view"/>
			<class name="test.automation.scripts.webex.TC100_408666_Search_Filters_FE_Approval_types_filter_functionality"/> 
			<class name="test.automation.scripts.webex.TC101_595381_Sitemap_Verify_sitemap_consistency"/>
			<class name="test.automation.scripts.umbraco.TC101_3798_Media_component_FE_General_view_with_images"/>
			<class name="test.automation.scripts.umbraco.TC102_4697_Media_component_FE_General_view_with_video"/>
			<class name="test.automation.scripts.umbraco.TC103_434892_Media_single_component_FE_General_view"/>
			<class name="test.automation.scripts.umbraco.TC104_8602_Expand_Collapse_component_FE_UI_representation"/>
			<class name="test.automation.scripts.umbraco.TC105_40111_Expand_Collapse_component_FE_Video_Representation"/> 
			<class name="test.automation.scripts.umbraco.TC101_3798_Media_component_FE_General_view_with_images"/>
			<class name="test.automation.scripts.umbraco.TC102_4697_Media_component_FE_General_view_with_video"/>
			<class name="test.automation.scripts.umbraco.TC103_434892_Media_single_component_FE_General_view"/>
			<class name="test.automation.scripts.umbraco.TC104_8602_Expand_Collapse_component_FE_UI_representation"/>
			<class name="test.automation.scripts.umbraco.TC105_40111_Expand_Collapse_component_FE_Video_Representation"/>
			<class name="test.automation.scripts.umbraco.TC106_152256_FAQ_component_FE_UI_representation"/>
			<class name="test.automation.scripts.umbraco.TC107_152300_FAQ_component_FE_Video_representation"/>
			<class name="test.automation.scripts.umbraco.TC108_146264_Learning_component_FE_General_view"/>
			<class name="test.automation.scripts.umbraco.TC109_146302_Learning_component_FE_Sorting_functionality"/>
			<class name="test.automation.scripts.umbraco.TC110_146321_Learning_component_FE_Filter_representation"/>
			<class name="test.automation.scripts.umbraco.TC111_16284_Spot_group_2P1_component_FE_General_view"/>
			<class name="test.automation.scripts.umbraco.TC112_9672_Spot_group_Cascade_component_FE_General_UI_correspondence"/>
    </classes>
  </test> <!-- Test -->
</suite> <!-- Suite -->
